Nome do Navio,Data,Porto,Tipo de Custo,Valor (USD),Descrição,Número de Veículos,Tipo de Veículos
Ro-Ro A,2023-01-01,Singapura,Combustível,21716.84,Combustível em Singapura,,
Ro-Ro B,2023-01-01,Xangai,Seguros,1800.0,Seguro diário,,
Ro-Ro B,2023-01-01,Singapura,Embarque e Desembarque,132400.0,Embarque e desembarque de 662 Caminhões,662.0,Caminhões
Ro-Ro B,2023-01-01,Roterdã,Manutenção,1237.28,Manutenção e reparos,,
Ro-Ro B,2023-01-01,Singapura,Manutenção,3053.89,Manutenção e reparos,,
Ro-Ro C,2023-01-01,Los Angeles,Taxas Portuárias,1776.27,Taxas portuárias em Los Angeles,,
Ro-Ro C,2023-01-01,Los Angeles,Taxas Portuárias,2218.87,Taxas portuárias em Los Angeles,,
Ro-Ro C,2023-01-01,Singapura,Taxas Portuárias,4802.06,Taxas portuárias em Singapura,,
Ro-Ro C,2023-01-01,Xangai,Manutenção,3230.84,Manutenção e reparos,,
Ro-Ro C,2023-01-01,Singapura,Combustível,8561.97,Combustível em Singapura,,
Ro-Ro D,2023-01-01,Los Angeles,Embarque e Desembarque,34400.0,Embarque e desembarque de 430 Carros,430.0,Carros
Ro-Ro D,2023-01-01,Roterdã,Manutenção,3893.38,Manutenção e reparos,,
Ro-Ro E,2023-01-01,Los Angeles,Embarque e Desembarque,185200.0,Embarque e desembarque de 926 Caminhões,926.0,Caminhões
Ro-Ro A,2023-01-02,Singapura,Manutenção,999.23,Manutenção e reparos,,
Ro-Ro A,2023-01-02,Xangai,Taxas Portuárias,5708.94,Taxas portuárias em Xangai,,
Ro-Ro A,2023-01-02,Xangai,Manutenção,3545.85,Manutenção e reparos,,
Ro-Ro A,2023-01-02,Xangai,Taxas Portuárias,2043.51,Taxas portuárias em Xangai,,
Ro-Ro A,2023-01-02,Xangai,Taxas Portuárias,2348.67,Taxas portuárias em Xangai,,
Ro-Ro B,2023-01-02,Singapura,Combustível,22879.42,Combustível em Singapura,,
Ro-Ro B,2023-01-02,Xangai,Seguros,1800.0,Seguro diário,,
Ro-Ro C,2023-01-02,Singapura,Taxas Portuárias,4565.77,Taxas portuárias em Singapura,,
Ro-Ro C,2023-01-02,Xangai,Seguros,1800.0,Seguro diário,,
Ro-Ro C,2023-01-02,Singapura,Taxas Portuárias,3822.04,Taxas portuárias em Singapura,,
Ro-Ro D,2023-01-02,Xangai,Taxas Portuárias,2567.06,Taxas portuárias em Xangai,,
Ro-Ro D,2023-01-02,Singapura,Combustível,17446.63,Combustível em Singapura,,
Ro-Ro D,2023-01-02,Los Angeles,Taxas Portuárias,2688.15,Taxas portuárias em Los Angeles,,
Ro-Ro E,2023-01-02,Los Angeles,Taxas Portuárias,2560.96,Taxas portuárias em Los Angeles,,
Ro-Ro A,2023-01-03,Singapura,Combustível,16240.98,Combustível em Singapura,,
Ro-Ro A,2023-01-03,Xangai,Seguros,1800.0,Seguro diário,,
Ro-Ro A,2023-01-03,Xangai,Seguros,1800.0,Seguro diário,,
Ro-Ro B,2023-01-03,Singapura,Embarque e Desembarque,186600.0,Embarque e desembarque de 933 Caminhões,933.0,Caminhões
Ro-Ro C,2023-01-03,Singapura,Combustível,15439.21,Combustível em Singapura,,
Ro-Ro D,2023-01-03,Los Angeles,Taxas Portuárias,5362.99,Taxas portuárias em Los Angeles,,
Ro-Ro D,2023-01-03,Xangai,Combustível,24621.25,Combustível em Xangai,,
Ro-Ro E,2023-01-03,Singapura,Manutenção,1456.38,Manutenção e reparos,,
Ro-Ro E,2023-01-03,Singapura,Combustível,18976.67,Combustível em Singapura,,
Ro-Ro E,2023-01-03,Xangai,Manutenção,849.01,Manutenção e reparos,,
Ro-Ro E,2023-01-03,Xangai,Taxas Portuárias,3590.57,Taxas portuárias em Xangai,,
Ro-Ro E,2023-01-03,Roterdã,Taxas Portuárias,2897.28,Taxas portuárias em Roterdã,,
Ro-Ro A,2023-01-04,Hamburgo,Combustível,9221.86,Combustível em Hamburgo,,
Ro-Ro A,2023-01-04,Singapura,Seguros,1800.0,Seguro diário,,
Ro-Ro B,2023-01-04,Xangai,Manutenção,2177.96,Manutenção e reparos,,
Ro-Ro B,2023-01-04,Roterdã,Seguros,1800.0,Seguro diário,,
Ro-Ro B,2023-01-04,Hamburgo,Taxas Portuárias,4173.49,Taxas portuárias em Hamburgo,,
Ro-Ro B,2023-01-04,Xangai,Seguros,1800.0,Seguro diário,,
Ro-Ro C,2023-01-04,Xangai,Combustível,16781.23,Combustível em Xangai,,
Ro-Ro C,2023-01-04,Roterdã,Manutenção,2592.74,Manutenção e reparos,,
Ro-Ro C,2023-01-04,Singapura,Taxas Portuárias,5978.84,Taxas portuárias em Singapura,,
Ro-Ro C,2023-01-04,Los Angeles,Manutenção,2480.57,Manutenção e reparos,,
Ro-Ro C,2023-01-04,Roterdã,Seguros,1800.0,Seguro diário,,
Ro-Ro D,2023-01-04,Singapura,Seguros,1800.0,Seguro diário,,
Ro-Ro D,2023-01-04,Los Angeles,Manutenção,3411.2,Manutenção e reparos,,
Ro-Ro E,2023-01-04,Los Angeles,Combustível,9364.24,Combustível em Los Angeles,,
Ro-Ro E,2023-01-04,Los Angeles,Manutenção,2295.44,Manutenção e reparos,,
Ro-Ro E,2023-01-04,Hamburgo,Seguros,1800.0,Seguro diário,,
Ro-Ro E,2023-01-04,Singapura,Taxas Portuárias,5193.98,Taxas portuárias em Singapura,,
Ro-Ro A,2023-01-05,Los Angeles,Seguros,1800.0,Seguro diário,,
Ro-Ro A,2023-01-05,Los Angeles,Combustível,17526.87,Combustível em Los Angeles,,
Ro-Ro B,2023-01-05,Singapura,Embarque e Desembarque,145400.0,Embarque e desembarque de 727 Caminhões,727.0,Caminhões
Ro-Ro B,2023-01-05,Xangai,Seguros,1800.0,Seguro diário,,
Ro-Ro B,2023-01-05,Roterdã,Combustível,14475.82,Combustível em Roterdã,,
Ro-Ro B,2023-01-05,Singapura,Manutenção,3602.63,Manutenção e reparos,,
Ro-Ro C,2023-01-05,Hamburgo,Embarque e Desembarque,49080.0,Embarque e desembarque de 409 Outros,409.0,Outros
Ro-Ro C,2023-01-05,Roterdã,Combustível,10114.77,Combustível em Roterdã,,
Ro-Ro D,2023-01-05,Roterdã,Taxas Portuárias,4410.88,Taxas portuárias em Roterdã,,
Ro-Ro D,2023-01-05,Roterdã,Combustível,9852.37,Combustível em Roterdã,,
Ro-Ro D,2023-01-05,Singapura,Embarque e Desembarque,27600.0,Embarque e desembarque de 138 Caminhões,138.0,Caminhões
Ro-Ro D,2023-01-05,Xangai,Manutenção,2403.01,Manutenção e reparos,,
Ro-Ro E,2023-01-05,Hamburgo,Seguros,1800.0,Seguro diário,,
Ro-Ro E,2023-01-05,Hamburgo,Embarque e Desembarque,39440.0,Embarque e desembarque de 493 Carros,493.0,Carros
Ro-Ro E,2023-01-05,Los Angeles,Combustível,16058.55,Combustível em Los Angeles,,
Ro-Ro E,2023-01-05,Hamburgo,Combustível,13131.95,Combustível em Hamburgo,,
Ro-Ro E,2023-01-05,Los Angeles,Combustível,20948.7,Combustível em Los Angeles,,
Ro-Ro A,2023-01-06,Los Angeles,Seguros,1800.0,Seguro diário,,
Ro-Ro A,2023-01-06,Hamburgo,Seguros,1800.0,Seguro diário,,
Ro-Ro A,2023-01-06,Singapura,Seguros,1800.0,Seguro diário,,
Ro-Ro A,2023-01-06,Xangai,Combustível,13395.7,Combustível em Xangai,,
Ro-Ro A,2023-01-06,Roterdã,Seguros,1800.0,Seguro diário,,
Ro-Ro B,2023-01-06,Singapura,Seguros,1800.0,Seguro diário,,
Ro-Ro B,2023-01-06,Singapura,Combustível,8268.81,Combustível em Singapura,,
Ro-Ro B,2023-01-06,Hamburgo,Seguros,1800.0,Seguro diário,,
Ro-Ro C,2023-01-06,Hamburgo,Manutenção,3334.85,Manutenção e reparos,,
Ro-Ro D,2023-01-06,Xangai,Combustível,8382.19,Combustível em Xangai,,
Ro-Ro E,2023-01-06,Roterdã,Taxas Portuárias,3780.99,Taxas portuárias em Roterdã,,
Ro-Ro E,2023-01-06,Hamburgo,Manutenção,1087.78,Manutenção e reparos,,
Ro-Ro E,2023-01-06,Singapura,Manutenção,2492.32,Manutenção e reparos,,
Ro-Ro E,2023-01-06,Roterdã,Seguros,1800.0,Seguro diário,,
Ro-Ro A,2023-01-07,Xangai,Combustível,13616.67,Combustível em Xangai,,
Ro-Ro A,2023-01-07,Xangai,Seguros,1800.0,Seguro diário,,
Ro-Ro A,2023-01-07,Los Angeles,Embarque e Desembarque,14160.0,Embarque e desembarque de 177 Carros,177.0,Carros
Ro-Ro B,2023-01-07,Xangai,Embarque e Desembarque,111400.0,Embarque e desembarque de 557 Caminhões,557.0,Caminhões
Ro-Ro B,2023-01-07,Los Angeles,Manutenção,3031.12,Manutenção e reparos,,
Ro-Ro B,2023-01-07,Xangai,Taxas Portuárias,2575.55,Taxas portuárias em Xangai,,
Ro-Ro B,2023-01-07,Singapura,Embarque e Desembarque,55120.0,Embarque e desembarque de 689 Carros,689.0,Carros
Ro-Ro C,2023-01-07,Los Angeles,Manutenção,3239.59,Manutenção e reparos,,
Ro-Ro C,2023-01-07,Roterdã,Manutenção,2366.05,Manutenção e reparos,,
Ro-Ro D,2023-01-07,Los Angeles,Embarque e Desembarque,29840.0,Embarque e desembarque de 373 Carros,373.0,Carros
Ro-Ro D,2023-01-07,Singapura,Seguros,1800.0,Seguro diário,,
Ro-Ro D,2023-01-07,Xangai,Seguros,1800.0,Seguro diário,,
Ro-Ro D,2023-01-07,Hamburgo,Manutenção,2724.83,Manutenção e reparos,,
Ro-Ro E,2023-01-07,Los Angeles,Manutenção,2740.54,Manutenção e reparos,,
Ro-Ro E,2023-01-07,Xangai,Embarque e Desembarque,62760.0,Embarque e desembarque de 523 Outros,523.0,Outros
Ro-Ro E,2023-01-07,Los Angeles,Embarque e Desembarque,174800.0,Embarque e desembarque de 874 Caminhões,874.0,Caminhões
Ro-Ro A,2023-01-08,Xangai,Seguros,1800.0,Seguro diário,,
Ro-Ro A,2023-01-08,Roterdã,Combustível,8317.3,Combustível em Roterdã,,
Ro-Ro B,2023-01-08,Los Angeles,Taxas Portuárias,2671.09,Taxas portuárias em Los Angeles,,
Ro-Ro B,2023-01-08,Xangai,Combustível,22422.56,Combustível em Xangai,,
Ro-Ro B,2023-01-08,Hamburgo,Manutenção,2160.63,Manutenção e reparos,,
Ro-Ro B,2023-01-08,Singapura,Embarque e Desembarque,79200.0,Embarque e desembarque de 990 Carros,990.0,Carros
Ro-Ro B,2023-01-08,Roterdã,Combustível,16994.43,Combustível em Roterdã,,
Ro-Ro C,2023-01-08,Singapura,Manutenção,1748.46,Manutenção e reparos,,
Ro-Ro C,2023-01-08,Hamburgo,Combustível,13419.66,Combustível em Hamburgo,,
Ro-Ro C,2023-01-08,Roterdã,Taxas Portuárias,4592.66,Taxas portuárias em Roterdã,,
Ro-Ro D,2023-01-08,Xangai,Seguros,1800.0,Seguro diário,,
Ro-Ro D,2023-01-08,Xangai,Combustível,10239.45,Combustível em Xangai,,
Ro-Ro D,2023-01-08,Los Angeles,Combustível,13566.17,Combustível em Los Angeles,,
Ro-Ro D,2023-01-08,Singapura,Taxas Portuárias,1554.75,Taxas portuárias em Singapura,,
Ro-Ro D,2023-01-08,Hamburgo,Manutenção,2803.62,Manutenção e reparos,,
Ro-Ro E,2023-01-08,Xangai,Embarque e Desembarque,102800.0,Embarque e desembarque de 514 Caminhões,514.0,Caminhões
Ro-Ro E,2023-01-08,Xangai,Combustível,7635.39,Combustível em Xangai,,
Ro-Ro E,2023-01-08,Roterdã,Taxas Portuárias,3371.1,Taxas portuárias em Roterdã,,
Ro-Ro E,2023-01-08,Los Angeles,Manutenção,3021.29,Manutenção e reparos,,
Ro-Ro A,2023-01-09,Roterdã,Embarque e Desembarque,40000.0,Embarque e desembarque de 200 Caminhões,200.0,Caminhões
Ro-Ro B,2023-01-09,Los Angeles,Combustível,7837.19,Combustível em Los Angeles,,
Ro-Ro B,2023-01-09,Roterdã,Manutenção,1875.69,Manutenção e reparos,,
Ro-Ro C,2023-01-09,Xangai,Manutenção,1744.71,Manutenção e reparos,,
Ro-Ro C,2023-01-09,Xangai,Combustível,12207.23,Combustível em Xangai,,
Ro-Ro C,2023-01-09,Roterdã,Taxas Portuárias,5241.02,Taxas portuárias em Roterdã,,
Ro-Ro C,2023-01-09,Xangai,Manutenção,2274.95,Manutenção e reparos,,
Ro-Ro C,2023-01-09,Singapura,Embarque e Desembarque,30800.0,Embarque e desembarque de 385 Carros,385.0,Carros
Ro-Ro D,2023-01-09,Xangai,Seguros,1800.0,Seguro diário,,
Ro-Ro D,2023-01-09,Roterdã,Taxas Portuárias,1940.7,Taxas portuárias em Roterdã,,
Ro-Ro E,2023-01-09,Singapura,Seguros,1800.0,Seguro diário,,
Ro-Ro E,2023-01-09,Xangai,Manutenção,2992.03,Manutenção e reparos,,
Ro-Ro E,2023-01-09,Los Angeles,Taxas Portuárias,4324.32,Taxas portuárias em Los Angeles,,
Ro-Ro A,2023-01-10,Hamburgo,Seguros,1800.0,Seguro diário,,
Ro-Ro A,2023-01-10,Los Angeles,Taxas Portuárias,5041.52,Taxas portuárias em Los Angeles,,
Ro-Ro A,2023-01-10,Roterdã,Manutenção,3437.23,Manutenção e reparos,,
Ro-Ro A,2023-01-10,Los Angeles,Manutenção,2125.67,Manutenção e reparos,,
Ro-Ro B,2023-01-10,Los Angeles,Seguros,1800.0,Seguro diário,,
Ro-Ro C,2023-01-10,Los Angeles,Combustível,19228.52,Combustível em Los Angeles,,
Ro-Ro C,2023-01-10,Xangai,Seguros,1800.0,Seguro diário,,
Ro-Ro D,2023-01-10,Los Angeles,Combustível,19885.37,Combustível em Los Angeles,,
Ro-Ro D,2023-01-10,Hamburgo,Combustível,10850.82,Combustível em Hamburgo,,
Ro-Ro D,2023-01-10,Roterdã,Taxas Portuárias,4629.58,Taxas portuárias em Roterdã,,
Ro-Ro D,2023-01-10,Singapura,Manutenção,1193.93,Manutenção e reparos,,
Ro-Ro D,2023-01-10,Singapura,Embarque e Desembarque,75800.0,Embarque e desembarque de 379 Caminhões,379.0,Caminhões
Ro-Ro E,2023-01-10,Singapura,Embarque e Desembarque,24560.0,Embarque e desembarque de 307 Carros,307.0,Carros
Ro-Ro E,2023-01-10,Singapura,Seguros,1800.0,Seguro diário,,
Ro-Ro E,2023-01-10,Roterdã,Embarque e Desembarque,52000.0,Embarque e desembarque de 260 Caminhões,260.0,Caminhões
Ro-Ro E,2023-01-10,Roterdã,Manutenção,3324.27,Manutenção e reparos,,
Ro-Ro A,2023-01-11,Los Angeles,Combustível,18768.85,Combustível em Los Angeles,,
Ro-Ro B,2023-01-11,Los Angeles,Seguros,1800.0,Seguro diário,,
Ro-Ro B,2023-01-11,Roterdã,Combustível,19870.03,Combustível em Roterdã,,
Ro-Ro B,2023-01-11,Xangai,Seguros,1800.0,Seguro diário,,
Ro-Ro B,2023-01-11,Roterdã,Embarque e Desembarque,117960.0,Embarque e desembarque de 983 Outros,983.0,Outros
Ro-Ro C,2023-01-11,Singapura,Manutenção,3106.38,Manutenção e reparos,,
Ro-Ro D,2023-01-11,Xangai,Manutenção,1775.15,Manutenção e reparos,,
Ro-Ro D,2023-01-11,Singapura,Combustível,17287.48,Combustível em Singapura,,
Ro-Ro D,2023-01-11,Singapura,Taxas Portuárias,2280.4,Taxas portuárias em Singapura,,
Ro-Ro D,2023-01-11,Singapura,Manutenção,3966.84,Manutenção e reparos,,
Ro-Ro D,2023-01-11,Xangai,Manutenção,1687.45,Manutenção e reparos,,
Ro-Ro E,2023-01-11,Singapura,Combustível,17310.14,Combustível em Singapura,,
Ro-Ro A,2023-01-12,Roterdã,Taxas Portuárias,3278.01,Taxas portuárias em Roterdã,,
Ro-Ro A,2023-01-12,Roterdã,Embarque e Desembarque,50640.0,Embarque e desembarque de 633 Carros,633.0,Carros
Ro-Ro B,2023-01-12,Los Angeles,Manutenção,1937.04,Manutenção e reparos,,
Ro-Ro B,2023-01-12,Roterdã,Seguros,1800.0,Seguro diário,,
Ro-Ro C,2023-01-12,Roterdã,Seguros,1800.0,Seguro diário,,
Ro-Ro D,2023-01-12,Roterdã,Taxas Portuárias,2569.95,Taxas portuárias em Roterdã,,
Ro-Ro D,2023-01-12,Singapura,Embarque e Desembarque,115680.0,Embarque e desembarque de 964 Outros,964.0,Outros
Ro-Ro D,2023-01-12,Roterdã,Embarque e Desembarque,82800.0,Embarque e desembarque de 414 Caminhões,414.0,Caminhões
Ro-Ro E,2023-01-12,Hamburgo,Seguros,1800.0,Seguro diário,,
Ro-Ro E,2023-01-12,Hamburgo,Manutenção,1490.57,Manutenção e reparos,,
Ro-Ro E,2023-01-12,Singapura,Taxas Portuárias,2317.73,Taxas portuárias em Singapura,,
Ro-Ro A,2023-01-13,Xangai,Embarque e Desembarque,24600.0,Embarque e desembarque de 123 Caminhões,123.0,Caminhões
Ro-Ro A,2023-01-13,Hamburgo,Embarque e Desembarque,39120.0,Embarque e desembarque de 489 Carros,489.0,Carros
Ro-Ro A,2023-01-13,Los Angeles,Manutenção,2082.09,Manutenção e reparos,,
Ro-Ro A,2023-01-13,Los Angeles,Embarque e Desembarque,67120.0,Embarque e desembarque de 839 Carros,839.0,Carros
Ro-Ro A,2023-01-13,Roterdã,Embarque e Desembarque,60320.0,Embarque e desembarque de 754 Carros,754.0,Carros
Ro-Ro B,2023-01-13,Singapura,Taxas Portuárias,5083.88,Taxas portuárias em Singapura,,
Ro-Ro B,2023-01-13,Hamburgo,Manutenção,3711.25,Manutenção e reparos,,
Ro-Ro B,2023-01-13,Los Angeles,Embarque e Desembarque,83640.0,Embarque e desembarque de 697 Outros,697.0,Outros
Ro-Ro B,2023-01-13,Singapura,Manutenção,3299.55,Manutenção e reparos,,
Ro-Ro C,2023-01-13,Hamburgo,Seguros,1800.0,Seguro diário,,
Ro-Ro D,2023-01-13,Hamburgo,Combustível,12195.89,Combustível em Hamburgo,,
Ro-Ro D,2023-01-13,Xangai,Embarque e Desembarque,43680.0,Embarque e desembarque de 364 Outros,364.0,Outros
Ro-Ro D,2023-01-13,Roterdã,Taxas Portuárias,2042.09,Taxas portuárias em Roterdã,,
Ro-Ro D,2023-01-13,Los Angeles,Taxas Portuárias,2460.9,Taxas portuárias em Los Angeles,,
Ro-Ro D,2023-01-13,Xangai,Embarque e Desembarque,121400.0,Embarque e desembarque de 607 Caminhões,607.0,Caminhões
Ro-Ro E,2023-01-13,Hamburgo,Seguros,1800.0,Seguro diário,,
Ro-Ro E,2023-01-13,Hamburgo,Embarque e Desembarque,47040.0,Embarque e desembarque de 588 Carros,588.0,Carros
Ro-Ro E,2023-01-13,Singapura,Taxas Portuárias,2403.33,Taxas portuárias em Singapura,,
Ro-Ro E,2023-01-13,Xangai,Taxas Portuárias,4735.08,Taxas portuárias em Xangai,,
Ro-Ro E,2023-01-13,Singapura,Embarque e Desembarque,147600.0,Embarque e desembarque de 738 Caminhões,738.0,Caminhões
Ro-Ro A,2023-01-14,Singapura,Combustível,15218.96,Combustível em Singapura,,
Ro-Ro A,2023-01-14,Hamburgo,Seguros,1800.0,Seguro diário,,
Ro-Ro A,2023-01-14,Xangai,Manutenção,2996.13,Manutenção e reparos,,
Ro-Ro A,2023-01-14,Xangai,Manutenção,3768.64,Manutenção e reparos,,
Ro-Ro B,2023-01-14,Roterdã,Seguros,1800.0,Seguro diário,,
Ro-Ro B,2023-01-14,Los Angeles,Seguros,1800.0,Seguro diário,,
Ro-Ro B,2023-01-14,Los Angeles,Manutenção,3130.1,Manutenção e reparos,,
Ro-Ro B,2023-01-14,Hamburgo,Manutenção,1313.41,Manutenção e reparos,,
Ro-Ro B,2023-01-14,Singapura,Seguros,1800.0,Seguro diário,,
Ro-Ro C,2023-01-14,Roterdã,Combustível,21859.25,Combustível em Roterdã,,
Ro-Ro C,2023-01-14,Singapura,Taxas Portuárias,5260.95,Taxas portuárias em Singapura,,
Ro-Ro C,2023-01-14,Roterdã,Taxas Portuárias,1994.71,Taxas portuárias em Roterdã,,
Ro-Ro C,2023-01-14,Xangai,Manutenção,3404.89,Manutenção e reparos,,
Ro-Ro D,2023-01-14,Roterdã,Taxas Portuárias,5142.65,Taxas portuárias em Roterdã,,
Ro-Ro E,2023-01-14,Roterdã,Taxas Portuárias,2573.95,Taxas portuárias em Roterdã,,
Ro-Ro E,2023-01-14,Xangai,Taxas Portuárias,4007.05,Taxas portuárias em Xangai,,
Ro-Ro E,2023-01-14,Roterdã,Taxas Portuárias,2869.98,Taxas portuárias em Roterdã,,
Ro-Ro E,2023-01-14,Roterdã,Embarque e Desembarque,165800.0,Embarque e desembarque de 829 Caminhões,829.0,Caminhões
Ro-Ro A,2023-01-15,Singapura,Manutenção,1200.22,Manutenção e reparos,,
Ro-Ro A,2023-01-15,Los Angeles,Seguros,1800.0,Seguro diário,,
Ro-Ro B,2023-01-15,Xangai,Manutenção,2911.05,Manutenção e reparos,,
Ro-Ro C,2023-01-15,Roterdã,Seguros,1800.0,Seguro diário,,
Ro-Ro C,2023-01-15,Los Angeles,Combustível,18722.23,Combustível em Los Angeles,,
Ro-Ro D,2023-01-15,Xangai,Manutenção,2508.17,Manutenção e reparos,,
Ro-Ro D,2023-01-15,Hamburgo,Manutenção,3194.13,Manutenção e reparos,,
Ro-Ro D,2023-01-15,Roterdã,Taxas Portuárias,2742.21,Taxas portuárias em Roterdã,,
Ro-Ro D,2023-01-15,Hamburgo,Combustível,21610.41,Combustível em Hamburgo,,
Ro-Ro E,2023-01-15,Singapura,Embarque e Desembarque,42120.0,Embarque e desembarque de 351 Outros,351.0,Outros
Ro-Ro A,2023-01-16,Roterdã,Seguros,1800.0,Seguro diário,,
Ro-Ro A,2023-01-16,Los Angeles,Seguros,1800.0,Seguro diário,,
Ro-Ro A,2023-01-16,Hamburgo,Manutenção,3504.95,Manutenção e reparos,,
Ro-Ro B,2023-01-16,Singapura,Embarque e Desembarque,13440.0,Embarque e desembarque de 112 Outros,112.0,Outros
Ro-Ro B,2023-01-16,Xangai,Embarque e Desembarque,87240.0,Embarque e desembarque de 727 Outros,727.0,Outros
Ro-Ro B,2023-01-16,Roterdã,Seguros,1800.0,Seguro diário,,
Ro-Ro B,2023-01-16,Roterdã,Combustível,22653.35,Combustível em Roterdã,,
Ro-Ro B,2023-01-16,Xangai,Embarque e Desembarque,31800.0,Embarque e desembarque de 159 Caminhões,159.0,Caminhões
Ro-Ro C,2023-01-16,Hamburgo,Manutenção,2865.23,Manutenção e reparos,,
Ro-Ro C,2023-01-16,Los Angeles,Seguros,1800.0,Seguro diário,,
Ro-Ro C,2023-01-16,Hamburgo,Manutenção,3927.25,Manutenção e reparos,,
Ro-Ro C,2023-01-16,Hamburgo,Seguros,1800.0,Seguro diário,,
Ro-Ro D,2023-01-16,Los Angeles,Taxas Portuárias,2051.23,Taxas portuárias em Los Angeles,,
Ro-Ro D,2023-01-16,Singapura,Embarque e Desembarque,23640.0,Embarque e desembarque de 197 Outros,197.0,Outros
Ro-Ro E,2023-01-16,Singapura,Combustível,22936.22,Combustível em Singapura,,
Ro-Ro E,2023-01-16,Los Angeles,Taxas Portuárias,1659.68,Taxas portuárias em Los Angeles,,
Ro-Ro E,2023-01-16,Xangai,Combustível,21896.93,Combustível em Xangai,,
Ro-Ro E,2023-01-16,Los Angeles,Seguros,1800.0,Seguro diário,,
Ro-Ro A,2023-01-17,Roterdã,Taxas Portuárias,5131.72,Taxas portuárias em Roterdã,,
Ro-Ro A,2023-01-17,Xangai,Combustível,8267.61,Combustível em Xangai,,
Ro-Ro A,2023-01-17,Hamburgo,Taxas Portuárias,3199.86,Taxas portuárias em Hamburgo,,
Ro-Ro B,2023-01-17,Singapura,Combustível,18097.46,Combustível em Singapura,,
Ro-Ro C,2023-01-17,Roterdã,Manutenção,2399.77,Manutenção e reparos,,
Ro-Ro C,2023-01-17,Hamburgo,Seguros,1800.0,Seguro diário,,
Ro-Ro D,2023-01-17,Singapura,Taxas Portuárias,5034.9,Taxas portuárias em Singapura,,
Ro-Ro D,2023-01-17,Hamburgo,Seguros,1800.0,Seguro diário,,
Ro-Ro D,2023-01-17,Hamburgo,Embarque e Desembarque,20880.0,Embarque e desembarque de 174 Outros,174.0,Outros
Ro-Ro D,2023-01-17,Xangai,Embarque e Desembarque,58800.0,Embarque e desembarque de 490 Outros,490.0,Outros
Ro-Ro D,2023-01-17,Singapura,Embarque e Desembarque,50880.0,Embarque e desembarque de 424 Outros,424.0,Outros
Ro-Ro E,2023-01-17,Xangai,Manutenção,1473.73,Manutenção e reparos,,
Ro-Ro A,2023-01-18,Hamburgo,Taxas Portuárias,4325.2,Taxas portuárias em Hamburgo,,
Ro-Ro B,2023-01-18,Roterdã,Embarque e Desembarque,33480.0,Embarque e desembarque de 279 Outros,279.0,Outros
Ro-Ro C,2023-01-18,Los Angeles,Manutenção,3853.99,Manutenção e reparos,,
Ro-Ro C,2023-01-18,Los Angeles,Combustível,21865.22,Combustível em Los Angeles,,
Ro-Ro C,2023-01-18,Xangai,Combustível,9871.3,Combustível em Xangai,,
Ro-Ro C,2023-01-18,Singapura,Seguros,1800.0,Seguro diário,,
Ro-Ro C,2023-01-18,Xangai,Taxas Portuárias,3474.36,Taxas portuárias em Xangai,,
Ro-Ro D,2023-01-18,Hamburgo,Combustível,11650.73,Combustível em Hamburgo,,
Ro-Ro D,2023-01-18,Hamburgo,Taxas Portuárias,2465.43,Taxas portuárias em Hamburgo,,
Ro-Ro D,2023-01-18,Roterdã,Taxas Portuárias,4501.64,Taxas portuárias em Roterdã,,
Ro-Ro D,2023-01-18,Xangai,Taxas Portuárias,5889.95,Taxas portuárias em Xangai,,
Ro-Ro D,2023-01-18,Singapura,Manutenção,2174.26,Manutenção e reparos,,
Ro-Ro E,2023-01-18,Hamburgo,Taxas Portuárias,1722.56,Taxas portuárias em Hamburgo,,
Ro-Ro E,2023-01-18,Los Angeles,Embarque e Desembarque,77920.0,Embarque e desembarque de 974 Carros,974.0,Carros
Ro-Ro E,2023-01-18,Roterdã,Combustível,12742.53,Combustível em Roterdã,,
Ro-Ro A,2023-01-19,Roterdã,Embarque e Desembarque,71800.0,Embarque e desembarque de 359 Caminhões,359.0,Caminhões
Ro-Ro A,2023-01-19,Singapura,Seguros,1800.0,Seguro diário,,
Ro-Ro A,2023-01-19,Singapura,Embarque e Desembarque,78000.0,Embarque e desembarque de 975 Carros,975.0,Carros
Ro-Ro A,2023-01-19,Xangai,Seguros,1800.0,Seguro diário,,
Ro-Ro A,2023-01-19,Los Angeles,Embarque e Desembarque,19600.0,Embarque e desembarque de 245 Carros,245.0,Carros
Ro-Ro B,2023-01-19,Singapura,Embarque e Desembarque,143400.0,Embarque e desembarque de 717 Caminhões,717.0,Caminhões
Ro-Ro C,2023-01-19,Singapura,Embarque e Desembarque,69440.0,Embarque e desembarque de 868 Carros,868.0,Carros
Ro-Ro C,2023-01-19,Xangai,Combustível,21752.8,Combustível em Xangai,,
Ro-Ro C,2023-01-19,Los Angeles,Manutenção,2681.89,Manutenção e reparos,,
Ro-Ro C,2023-01-19,Roterdã,Embarque e Desembarque,18400.0,Embarque e desembarque de 230 Carros,230.0,Carros
Ro-Ro D,2023-01-19,Los Angeles,Embarque e Desembarque,143000.0,Embarque e desembarque de 715 Caminhões,715.0,Caminhões
Ro-Ro D,2023-01-19,Xangai,Combustível,9952.77,Combustível em Xangai,,
Ro-Ro D,2023-01-19,Los Angeles,Embarque e Desembarque,63360.0,Embarque e desembarque de 528 Outros,528.0,Outros
Ro-Ro E,2023-01-19,Hamburgo,Taxas Portuárias,5154.48,Taxas portuárias em Hamburgo,,
Ro-Ro E,2023-01-19,Roterdã,Embarque e Desembarque,43600.0,Embarque e desembarque de 545 Carros,545.0,Carros
Ro-Ro E,2023-01-19,Xangai,Seguros,1800.0,Seguro diário,,
Ro-Ro A,2023-01-20,Xangai,Combustível,15176.75,Combustível em Xangai,,
Ro-Ro A,2023-01-20,Xangai,Taxas Portuárias,2255.44,Taxas portuárias em Xangai,,
Ro-Ro A,2023-01-20,Los Angeles,Seguros,1800.0,Seguro diário,,
Ro-Ro A,2023-01-20,Los Angeles,Embarque e Desembarque,69720.0,Embarque e desembarque de 581 Outros,581.0,Outros
Ro-Ro B,2023-01-20,Roterdã,Taxas Portuárias,5385.61,Taxas portuárias em Roterdã,,
Ro-Ro C,2023-01-20,Hamburgo,Seguros,1800.0,Seguro diário,,
Ro-Ro D,2023-01-20,Hamburgo,Seguros,1800.0,Seguro diário,,
Ro-Ro E,2023-01-20,Roterdã,Combustível,6123.02,Combustível em Roterdã,,
Ro-Ro E,2023-01-20,Roterdã,Taxas Portuárias,1775.39,Taxas portuárias em Roterdã,,
Ro-Ro E,2023-01-20,Singapura,Seguros,1800.0,Seguro diário,,
Ro-Ro A,2023-01-21,Singapura,Embarque e Desembarque,93600.0,Embarque e desembarque de 468 Caminhões,468.0,Caminhões
Ro-Ro A,2023-01-21,Roterdã,Combustível,22860.91,Combustível em Roterdã,,
Ro-Ro B,2023-01-21,Roterdã,Manutenção,990.28,Manutenção e reparos,,
Ro-Ro B,2023-01-21,Roterdã,Taxas Portuárias,2291.14,Taxas portuárias em Roterdã,,
Ro-Ro B,2023-01-21,Hamburgo,Seguros,1800.0,Seguro diário,,
Ro-Ro B,2023-01-21,Hamburgo,Combustível,11834.55,Combustível em Hamburgo,,
Ro-Ro B,2023-01-21,Roterdã,Embarque e Desembarque,94560.0,Embarque e desembarque de 788 Outros,788.0,Outros
Ro-Ro C,2023-01-21,Roterdã,Embarque e Desembarque,71840.0,Embarque e desembarque de 898 Carros,898.0,Carros
Ro-Ro C,2023-01-21,Xangai,Manutenção,2704.48,Manutenção e reparos,,
Ro-Ro C,2023-01-21,Los Angeles,Seguros,1800.0,Seguro diário,,
Ro-Ro D,2023-01-21,Hamburgo,Combustível,6882.02,Combustível em Hamburgo,,
Ro-Ro E,2023-01-21,Hamburgo,Combustível,15935.24,Combustível em Hamburgo,,
Ro-Ro A,2023-01-22,Los Angeles,Embarque e Desembarque,93840.0,Embarque e desembarque de 782 Outros,782.0,Outros
Ro-Ro A,2023-01-22,Hamburgo,Seguros,1800.0,Seguro diário,,
Ro-Ro A,2023-01-22,Hamburgo,Embarque e Desembarque,107160.0,Embarque e desembarque de 893 Outros,893.0,Outros
Ro-Ro B,2023-01-22,Los Angeles,Seguros,1800.0,Seguro diário,,
Ro-Ro C,2023-01-22,Hamburgo,Seguros,1800.0,Seguro diário,,
Ro-Ro C,2023-01-22,Roterdã,Taxas Portuárias,5898.84,Taxas portuárias em Roterdã,,
Ro-Ro C,2023-01-22,Hamburgo,Combustível,18217.75,Combustível em Hamburgo,,
Ro-Ro D,2023-01-22,Roterdã,Seguros,1800.0,Seguro diário,,
Ro-Ro D,2023-01-22,Los Angeles,Taxas Portuárias,2927.56,Taxas portuárias em Los Angeles,,
Ro-Ro D,2023-01-22,Los Angeles,Manutenção,2492.52,Manutenção e reparos,,
Ro-Ro D,2023-01-22,Singapura,Seguros,1800.0,Seguro diário,,
Ro-Ro D,2023-01-22,Los Angeles,Manutenção,2273.99,Manutenção e reparos,,
Ro-Ro E,2023-01-22,Los Angeles,Manutenção,2455.92,Manutenção e reparos,,
Ro-Ro E,2023-01-22,Singapura,Manutenção,2808.49,Manutenção e reparos,,
Ro-Ro E,2023-01-22,Xangai,Manutenção,2625.0,Manutenção e reparos,,
Ro-Ro E,2023-01-22,Hamburgo,Taxas Portuárias,2157.47,Taxas portuárias em Hamburgo,,
Ro-Ro E,2023-01-22,Singapura,Embarque e Desembarque,50480.0,Embarque e desembarque de 631 Carros,631.0,Carros
Ro-Ro A,2023-01-23,Roterdã,Taxas Portuárias,4375.87,Taxas portuárias em Roterdã,,
Ro-Ro A,2023-01-23,Los Angeles,Manutenção,2597.92,Manutenção e reparos,,
Ro-Ro B,2023-01-23,Roterdã,Taxas Portuárias,4651.87,Taxas portuárias em Roterdã,,
Ro-Ro B,2023-01-23,Xangai,Combustível,21752.47,Combustível em Xangai,,
Ro-Ro B,2023-01-23,Hamburgo,Manutenção,873.75,Manutenção e reparos,,
Ro-Ro B,2023-01-23,Los Angeles,Seguros,1800.0,Seguro diário,,
Ro-Ro B,2023-01-23,Hamburgo,Combustível,17885.07,Combustível em Hamburgo,,
Ro-Ro C,2023-01-23,Los Angeles,Manutenção,2504.25,Manutenção e reparos,,
Ro-Ro C,2023-01-23,Singapura,Manutenção,3207.31,Manutenção e reparos,,
Ro-Ro C,2023-01-23,Roterdã,Taxas Portuárias,2227.05,Taxas portuárias em Roterdã,,
Ro-Ro C,2023-01-23,Xangai,Combustível,7520.21,Combustível em Xangai,,
Ro-Ro C,2023-01-23,Xangai,Combustível,24686.32,Combustível em Xangai,,
Ro-Ro D,2023-01-23,Xangai,Seguros,1800.0,Seguro diário,,
Ro-Ro D,2023-01-23,Hamburgo,Embarque e Desembarque,105120.0,Embarque e desembarque de 876 Outros,876.0,Outros
Ro-Ro D,2023-01-23,Xangai,Embarque e Desembarque,9120.0,Embarque e desembarque de 114 Carros,114.0,Carros
Ro-Ro E,2023-01-23,Singapura,Embarque e Desembarque,62200.0,Embarque e desembarque de 311 Caminhões,311.0,Caminhões
Ro-Ro E,2023-01-23,Singapura,Taxas Portuárias,5175.67,Taxas portuárias em Singapura,,
Ro-Ro A,2023-01-24,Roterdã,Combustível,18678.98,Combustível em Roterdã,,
Ro-Ro A,2023-01-24,Los Angeles,Taxas Portuárias,2374.12,Taxas portuárias em Los Angeles,,
Ro-Ro A,2023-01-24,Roterdã,Taxas Portuárias,2634.09,Taxas portuárias em Roterdã,,
Ro-Ro A,2023-01-24,Singapura,Embarque e Desembarque,99600.0,Embarque e desembarque de 830 Outros,830.0,Outros
Ro-Ro B,2023-01-24,Los Angeles,Manutenção,2743.39,Manutenção e reparos,,
Ro-Ro B,2023-01-24,Singapura,Embarque e Desembarque,102800.0,Embarque e desembarque de 514 Caminhões,514.0,Caminhões
Ro-Ro C,2023-01-24,Roterdã,Seguros,1800.0,Seguro diário,,
Ro-Ro C,2023-01-24,Hamburgo,Taxas Portuárias,1721.17,Taxas portuárias em Hamburgo,,
Ro-Ro C,2023-01-24,Singapura,Taxas Portuárias,1922.48,Taxas portuárias em Singapura,,
Ro-Ro C,2023-01-24,Roterdã,Combustível,14886.25,Combustível em Roterdã,,
Ro-Ro D,2023-01-24,Los Angeles,Manutenção,1984.31,Manutenção e reparos,,
Ro-Ro D,2023-01-24,Los Angeles,Taxas Portuárias,5309.83,Taxas portuárias em Los Angeles,,
Ro-Ro D,2023-01-24,Singapura,Seguros,1800.0,Seguro diário,,
Ro-Ro D,2023-01-24,Hamburgo,Taxas Portuárias,2794.34,Taxas portuárias em Hamburgo,,
Ro-Ro E,2023-01-24,Singapura,Seguros,1800.0,Seguro diário,,
Ro-Ro A,2023-01-25,Xangai,Embarque e Desembarque,123600.0,Embarque e desembarque de 618 Caminhões,618.0,Caminhões
Ro-Ro B,2023-01-25,Roterdã,Taxas Portuárias,2795.38,Taxas portuárias em Roterdã,,
Ro-Ro B,2023-01-25,Roterdã,Taxas Portuárias,3173.87,Taxas portuárias em Roterdã,,
Ro-Ro B,2023-01-25,Hamburgo,Embarque e Desembarque,55920.0,Embarque e desembarque de 699 Carros,699.0,Carros
Ro-Ro B,2023-01-25,Roterdã,Taxas Portuárias,3686.58,Taxas portuárias em Roterdã,,
Ro-Ro B,2023-01-25,Xangai,Manutenção,1422.35,Manutenção e reparos,,
Ro-Ro C,2023-01-25,Los Angeles,Embarque e Desembarque,58600.0,Embarque e desembarque de 293 Caminhões,293.0,Caminhões
Ro-Ro C,2023-01-25,Xangai,Manutenção,2844.7,Manutenção e reparos,,
Ro-Ro C,2023-01-25,Los Angeles,Seguros,1800.0,Seguro diário,,
Ro-Ro D,2023-01-25,Singapura,Taxas Portuárias,4412.77,Taxas portuárias em Singapura,,
Ro-Ro D,2023-01-25,Los Angeles,Taxas Portuárias,4847.72,Taxas portuárias em Los Angeles,,
Ro-Ro D,2023-01-25,Los Angeles,Manutenção,2203.1,Manutenção e reparos,,
Ro-Ro D,2023-01-25,Singapura,Combustível,14483.93,Combustível em Singapura,,
Ro-Ro E,2023-01-25,Roterdã,Combustível,24909.71,Combustível em Roterdã,,
Ro-Ro E,2023-01-25,Roterdã,Manutenção,1520.2,Manutenção e reparos,,
Ro-Ro A,2023-01-26,Roterdã,Combustível,9768.93,Combustível em Roterdã,,
Ro-Ro A,2023-01-26,Los Angeles,Manutenção,1543.62,Manutenção e reparos,,
Ro-Ro B,2023-01-26,Singapura,Seguros,1800.0,Seguro diário,,
Ro-Ro B,2023-01-26,Hamburgo,Combustível,12203.99,Combustível em Hamburgo,,
Ro-Ro B,2023-01-26,Xangai,Manutenção,1697.24,Manutenção e reparos,,
Ro-Ro C,2023-01-26,Hamburgo,Taxas Portuárias,3338.62,Taxas portuárias em Hamburgo,,
Ro-Ro D,2023-01-26,Singapura,Seguros,1800.0,Seguro diário,,
Ro-Ro D,2023-01-26,Roterdã,Taxas Portuárias,4267.93,Taxas portuárias em Roterdã,,
Ro-Ro D,2023-01-26,Singapura,Combustível,15590.54,Combustível em Singapura,,
Ro-Ro E,2023-01-26,Los Angeles,Embarque e Desembarque,111480.0,Embarque e desembarque de 929 Outros,929.0,Outros
Ro-Ro E,2023-01-26,Los Angeles,Embarque e Desembarque,129200.0,Embarque e desembarque de 646 Caminhões,646.0,Caminhões
Ro-Ro E,2023-01-26,Hamburgo,Embarque e Desembarque,99240.0,Embarque e desembarque de 827 Outros,827.0,Outros
Ro-Ro E,2023-01-26,Roterdã,Seguros,1800.0,Seguro diário,,
Ro-Ro A,2023-01-27,Hamburgo,Seguros,1800.0,Seguro diário,,
Ro-Ro B,2023-01-27,Singapura,Taxas Portuárias,5211.32,Taxas portuárias em Singapura,,
Ro-Ro B,2023-01-27,Hamburgo,Embarque e Desembarque,64480.0,Embarque e desembarque de 806 Carros,806.0,Carros
Ro-Ro B,2023-01-27,Roterdã,Manutenção,2449.12,Manutenção e reparos,,
Ro-Ro B,2023-01-27,Roterdã,Taxas Portuárias,5116.05,Taxas portuárias em Roterdã,,
Ro-Ro C,2023-01-27,Los Angeles,Taxas Portuárias,3970.65,Taxas portuárias em Los Angeles,,
Ro-Ro C,2023-01-27,Singapura,Seguros,1800.0,Seguro diário,,
Ro-Ro C,2023-01-27,Singapura,Combustível,19039.89,Combustível em Singapura,,
Ro-Ro D,2023-01-27,Roterdã,Embarque e Desembarque,34640.0,Embarque e desembarque de 433 Carros,433.0,Carros
Ro-Ro D,2023-01-27,Los Angeles,Taxas Portuárias,2242.63,Taxas portuárias em Los Angeles,,
Ro-Ro D,2023-01-27,Xangai,Manutenção,2542.9,Manutenção e reparos,,
Ro-Ro D,2023-01-27,Los Angeles,Taxas Portuárias,2010.44,Taxas portuárias em Los Angeles,,
Ro-Ro D,2023-01-27,Roterdã,Taxas Portuárias,5622.17,Taxas portuárias em Roterdã,,
Ro-Ro E,2023-01-27,Roterdã,Combustível,19023.39,Combustível em Roterdã,,
Ro-Ro E,2023-01-27,Roterdã,Manutenção,2173.9,Manutenção e reparos,,
Ro-Ro A,2023-01-28,Singapura,Manutenção,3107.71,Manutenção e reparos,,
Ro-Ro A,2023-01-28,Xangai,Seguros,1800.0,Seguro diário,,
Ro-Ro A,2023-01-28,Xangai,Seguros,1800.0,Seguro diário,,
Ro-Ro A,2023-01-28,Xangai,Seguros,1800.0,Seguro diário,,
Ro-Ro A,2023-01-28,Singapura,Taxas Portuárias,3262.1,Taxas portuárias em Singapura,,
Ro-Ro B,2023-01-28,Hamburgo,Embarque e Desembarque,13920.0,Embarque e desembarque de 174 Carros,174.0,Carros
Ro-Ro B,2023-01-28,Singapura,Embarque e Desembarque,98640.0,Embarque e desembarque de 822 Outros,822.0,Outros
Ro-Ro B,2023-01-28,Xangai,Taxas Portuárias,2690.7,Taxas portuárias em Xangai,,
Ro-Ro C,2023-01-28,Singapura,Combustível,13182.53,Combustível em Singapura,,
Ro-Ro C,2023-01-28,Los Angeles,Manutenção,1265.74,Manutenção e reparos,,
Ro-Ro C,2023-01-28,Singapura,Embarque e Desembarque,70320.0,Embarque e desembarque de 879 Carros,879.0,Carros
Ro-Ro C,2023-01-28,Singapura,Taxas Portuárias,2039.4,Taxas portuárias em Singapura,,
Ro-Ro D,2023-01-28,Singapura,Taxas Portuárias,4392.36,Taxas portuárias em Singapura,,
Ro-Ro D,2023-01-28,Roterdã,Embarque e Desembarque,32400.0,Embarque e desembarque de 270 Outros,270.0,Outros
Ro-Ro D,2023-01-28,Los Angeles,Embarque e Desembarque,68400.0,Embarque e desembarque de 342 Caminhões,342.0,Caminhões
Ro-Ro D,2023-01-28,Roterdã,Combustível,10974.17,Combustível em Roterdã,,
Ro-Ro D,2023-01-28,Hamburgo,Manutenção,1170.67,Manutenção e reparos,,
Ro-Ro E,2023-01-28,Los Angeles,Combustível,18498.41,Combustível em Los Angeles,,
Ro-Ro E,2023-01-28,Roterdã,Manutenção,2724.13,Manutenção e reparos,,
Ro-Ro E,2023-01-28,Xangai,Manutenção,3009.77,Manutenção e reparos,,
Ro-Ro E,2023-01-28,Singapura,Manutenção,1473.17,Manutenção e reparos,,
Ro-Ro E,2023-01-28,Roterdã,Manutenção,1522.86,Manutenção e reparos,,
Ro-Ro A,2023-01-29,Singapura,Combustível,13966.99,Combustível em Singapura,,
Ro-Ro A,2023-01-29,Hamburgo,Combustível,7914.73,Combustível em Hamburgo,,
Ro-Ro B,2023-01-29,Los Angeles,Taxas Portuárias,2973.21,Taxas portuárias em Los Angeles,,
Ro-Ro B,2023-01-29,Los Angeles,Manutenção,3499.93,Manutenção e reparos,,
Ro-Ro B,2023-01-29,Singapura,Taxas Portuárias,1858.63,Taxas portuárias em Singapura,,
Ro-Ro B,2023-01-29,Xangai,Manutenção,3488.19,Manutenção e reparos,,
Ro-Ro B,2023-01-29,Xangai,Combustível,7369.9,Combustível em Xangai,,
Ro-Ro C,2023-01-29,Xangai,Combustível,16084.87,Combustível em Xangai,,
Ro-Ro C,2023-01-29,Singapura,Embarque e Desembarque,25000.0,Embarque e desembarque de 125 Caminhões,125.0,Caminhões
Ro-Ro C,2023-01-29,Singapura,Manutenção,2254.01,Manutenção e reparos,,
Ro-Ro C,2023-01-29,Xangai,Embarque e Desembarque,37440.0,Embarque e desembarque de 312 Outros,312.0,Outros
Ro-Ro C,2023-01-29,Xangai,Manutenção,2813.17,Manutenção e reparos,,
Ro-Ro D,2023-01-29,Roterdã,Taxas Portuárias,2403.86,Taxas portuárias em Roterdã,,
Ro-Ro D,2023-01-29,Roterdã,Embarque e Desembarque,37280.0,Embarque e desembarque de 466 Carros,466.0,Carros
Ro-Ro E,2023-01-29,Xangai,Seguros,1800.0,Seguro diário,,
Ro-Ro E,2023-01-29,Los Angeles,Manutenção,1376.37,Manutenção e reparos,,
Ro-Ro E,2023-01-29,Roterdã,Embarque e Desembarque,53200.0,Embarque e desembarque de 266 Caminhões,266.0,Caminhões
Ro-Ro E,2023-01-29,Singapura,Combustível,6888.23,Combustível em Singapura,,
Ro-Ro E,2023-01-29,Hamburgo,Taxas Portuárias,1987.46,Taxas portuárias em Hamburgo,,
Ro-Ro A,2023-01-30,Singapura,Taxas Portuárias,5711.22,Taxas portuárias em Singapura,,
Ro-Ro A,2023-01-30,Los Angeles,Seguros,1800.0,Seguro diário,,
Ro-Ro B,2023-01-30,Singapura,Seguros,1800.0,Seguro diário,,
Ro-Ro C,2023-01-30,Roterdã,Seguros,1800.0,Seguro diário,,
Ro-Ro C,2023-01-30,Los Angeles,Seguros,1800.0,Seguro diário,,
Ro-Ro C,2023-01-30,Los Angeles,Manutenção,3256.11,Manutenção e reparos,,
Ro-Ro D,2023-01-30,Xangai,Seguros,1800.0,Seguro diário,,
Ro-Ro D,2023-01-30,Singapura,Seguros,1800.0,Seguro diário,,
Ro-Ro D,2023-01-30,Xangai,Manutenção,3276.97,Manutenção e reparos,,
Ro-Ro D,2023-01-30,Singapura,Manutenção,2918.63,Manutenção e reparos,,
Ro-Ro D,2023-01-30,Los Angeles,Embarque e Desembarque,75200.0,Embarque e desembarque de 376 Caminhões,376.0,Caminhões
Ro-Ro E,2023-01-30,Xangai,Seguros,1800.0,Seguro diário,,
Ro-Ro E,2023-01-30,Roterdã,Manutenção,1226.02,Manutenção e reparos,,
Ro-Ro E,2023-01-30,Hamburgo,Seguros,1800.0,Seguro diário,,
Ro-Ro E,2023-01-30,Hamburgo,Taxas Portuárias,1676.67,Taxas portuárias em Hamburgo,,
